,Cif,Name,Site,CN,OS,Period,Group,SDofBV,Angles,Planes
30,10386.cif,H1+:6.000 Li1+:2.000 O2-:12.000 Se4+:4.000,H1,2.0,1.0,1,1,0.224,[173.265],set()
31,10386.cif,H1+:6.000 Li1+:2.000 O2-:12.000 Se4+:4.000,H2,2.0,1.0,1,1,0.112,[176.562],set()
32,10386.cif,H1+:6.000 Li1+:2.000 O2-:12.000 Se4+:4.000,H3,2.0,1.0,1,1,0.283,[172.265],set()
52,150856.cif,H1+:12.000 Li1+:4.000 O2-:64.000 Rb1+:16.000 S6+:16.000,H1,2.0,1.0,1,1,0.13,[168.294],set()
53,150856.cif,H1+:12.000 Li1+:4.000 O2-:64.000 Rb1+:16.000 S6+:16.000,H2,2.0,1.0,1,1,0.29,[163.699],set()
54,150856.cif,H1+:12.000 Li1+:4.000 O2-:64.000 Rb1+:16.000 S6+:16.000,H3,2.0,1.0,1,1,0.304,[155.313],set()
58,150858.cif,H1+:12.000 K1+:16.000 Li1+:4.000 O2-:64.000 S6+:16.000,H2,2.0,1.0,1,1,0.046,[174.938],set()
63,150859.cif,H1+:12.000 K1+:16.000 Li1+:4.000 O2-:64.000 S6+:16.000,H1,2.0,1.0,1,1,0.045,[164.472],set()
136,152166.cif,F1-:76.000 H1+:72.000 Li1+:4.000 N3-:16.000 Zr4+:12.000,H1,2.0,1.0,1,1,0.272,[172.885],set()
137,152166.cif,F1-:76.000 H1+:72.000 Li1+:4.000 N3-:16.000 Zr4+:12.000,H2,2.0,1.0,1,1,0.305,[173.72],set()
144,152167.cif,F1-:76.000 H1+:8.000 Li1+:4.000 Rb1+:16.000 Zr4+:12.000,H1,2.0,1.0,1,1,0.251,[166.68],set()
145,152167.cif,F1-:76.000 H1+:8.000 Li1+:4.000 Rb1+:16.000 Zr4+:12.000,H2,2.0,1.0,1,1,0.254,[149.883],set()
161,156888.cif,Li1+:3.000 N3-:1.000,Li1,2.0,1.0,2,1,0.0,[180.0],set()
162,156890.cif,Li1+:3.000 N3-:1.000,Li1,2.0,1.0,2,1,0.0,[180.0],set()
163,156892.cif,Li1+:3.000 N3-:1.000,Li1,2.0,1.0,2,1,0.0,[180.0],set()
164,156894.cif,Li1+:3.000 N3-:1.000,Li1,2.0,1.0,2,1,0.0,[180.0],set()
165,156896.cif,Li1+:3.000 N3-:1.000,Li1,2.0,1.0,2,1,0.0,[180.0],set()
166,156898.cif,Li1+:3.000 N3-:1.000,Li1,2.0,1.0,2,1,0.0,[180.0],set()
167,156900.cif,Li1+:3.000 N3-:1.000,Li1,2.0,1.0,2,1,0.0,[180.0],set()
168,156902.cif,Li1+:3.000 N3-:1.000,Li1,2.0,1.0,2,1,0.0,[180.0],set()
212,159728.cif,Li1+:24.384 Nd3+:24.000 O2-:96.000 Sb5+:0.400 Te6+:15.600,Li2,2.0,1.0,2,1,0.341,[146.804],set()
213,159729.cif,Li1+:24.864 Nd3+:24.000 O2-:96.000 Sb5+:0.800 Te6+:15.200,Li2,2.0,1.0,2,1,0.345,[145.935],set()
214,159730.cif,Li1+:25.632 Nd3+:24.000 O2-:96.000 Sb5+:1.600 Te6+:14.400,Li2,2.0,1.0,2,1,0.346,[145.771],set()
215,159731.cif,Li1+:27.984 Nd3+:24.000 O2-:96.000 Sb5+:4.000 Te6+:12.000,Li2,2.0,1.0,2,1,0.345,[145.568],set()
216,159732.cif,Li1+:32.040 Nd3+:24.000 O2-:96.000 Sb5+:8.000 Te6+:8.000,Li2,2.0,1.0,2,1,0.349,[144.845],set()
224,161494.cif,Al3+:4.000 H1+:8.000 Li1+:4.000 O2-:20.000 Si4+:4.000,H2,2.0,1.0,1,1,0.111,[105.29],set()
227,161495.cif,Al3+:4.000 H1+:8.000 Li1+:4.000 O2-:20.000 Si4+:4.000,H1,2.0,1.0,1,1,0.06,[69.2],set()
231,161497.cif,Al3+:4.000 H1+:8.000 Li1+:4.000 O2-:20.000 Si4+:4.000,H1,2.0,1.0,1,1,0.298,[170.367],set()
256,16408.cif,Al3+:4.000 Cl1-:16.000 Li1+:4.000 O2-:24.000 S4+:12.000,S1,2.0,4.0,3,6,0.018,[117.432],set()
257,16408.cif,Al3+:4.000 Cl1-:16.000 Li1+:4.000 O2-:24.000 S4+:12.000,S2,2.0,4.0,3,6,0.004,[118.64],set()
261,165259.cif,Au1+:8.000 Li1+:8.000 S2-:8.000,Au1,2.0,1.0,6,1,0.0,[180.0],set()
262,165259.cif,Au1+:8.000 Li1+:8.000 S2-:8.000,Au2,2.0,1.0,6,1,0.0,[180.0],set()
424,180319.cif,Li1+:12.000 P5+:4.000 S2-:16.000,Li3,2.0,1.0,2,1,0.419,[123.175],set()
522,190655.cif,As5+:6.000 Li1+:4.000 O2-:48.000 P5+:6.000 Zr4+:8.000,Li1,2.0,1.0,2,1,0.006,[127.431],set()
707,20096.cif,Cd2+:8.000 Ge4+:10.000 H1+:2.000 Li1+:2.000 O2-:30.000,H1,2.0,1.0,1,1,0.09,[169.143],set()
715,20136.cif,Cl1-:1.000 D1+:2.000 Li1+:1.000 O2-:1.000,D1,2.0,1.0,1,1,0.244,[179.19],set()
797,237525.cif,B3+:12.000 Cu2+:9.000 Li1+:2.000 O2-:28.000,Cu4,2.0,2.0,4,1,0.0,[180.0],set()
813,237658.cif,As5+:2.000 F1-:24.000 Li1+:2.000 Xe2+:6.000,Xe3,2.0,2.0,5,8,0.031,[178.015],set()
814,237908.cif,Fe2+:1.968 Li1+:3.640 Mn2+:2.152 O2-:16.000 P5+:4.000,Fe2,2.0,2.0,4,8,0.063,[155.313],set()
823,23883.cif,F1-:2.000 H1+:1.000 Li1+:1.000,H1,2.0,1.0,1,1,0.0,[180.0],set()
884,243497.cif,C2+:12.000 H1+:12.000 Li1+:4.000 Mn2+:4.000 O2-:24.000,C1,2.0,2.0,2,4,0.008,[126.015],set()
885,243497.cif,C2+:12.000 H1+:12.000 Li1+:4.000 Mn2+:4.000 O2-:24.000,H1,2.0,1.0,1,1,0.0,[73.232],set()
888,243499.cif,C2+:12.000 Co2+:4.000 H1+:12.000 Li1+:4.000 O2-:24.000,C1,2.0,2.0,2,4,0.015,[126.627],set()
889,243499.cif,C2+:12.000 Co2+:4.000 H1+:12.000 Li1+:4.000 O2-:24.000,H1,2.0,1.0,1,1,0.001,[73.519],set()
891,244009.cif,H1+:2.000 Li1+:4.000 O2-:16.000 P5+:4.000 V3+:2.000,H1,2.0,1.0,1,1,0.226,[162.402],set()
1141,261364.cif,Ca2+:3.000 Li1+:4.000 Nb5+:6.000 O2-:20.000,Li1,2.0,1.0,2,1,0.0,[180.0],set()
1173,27179.cif,D1+:6.000 Li1+:2.000 O2-:12.000 Se4+:4.000,D1,2.0,1.0,1,1,0.24,[172.568],set()
1174,27179.cif,D1+:6.000 Li1+:2.000 O2-:12.000 Se4+:4.000,D2,2.0,1.0,1,1,0.183,[176.199],set()
1201,280534.cif,Au1+:16.000 Li1+:16.000 S2-:16.000,Au1,2.0,1.0,6,1,0.0,[180.0],set()
1202,280535.cif,Au1+:4.000 Li1+:12.000 S2-:8.000,Au1,2.0,1.0,6,1,0.0,[180.0],set()
1306,34280.cif,Li1+:3.000 N3-:1.000,Li1,2.0,1.0,2,1,0.0,[180.0],set()
1310,34779.cif,Li1+:3.000 N3-:1.000,Li1,2.0,1.0,2,1,0.0,[180.0],set()
1311,34780.cif,Li1+:3.000 N3-:1.000,Li1,2.0,1.0,2,1,0.0,[180.0],set()
1312,34781.cif,Li1+:3.000 N3-:1.000,Li1,2.0,1.0,2,1,0.0,[180.0],set()
1355,39263.cif,H1+:32.000 Li1+:8.000 Mo6+:8.000 Na1+:8.000 O2-:48.000,H2,2.0,1.0,1,1,0.176,[176.659],set()
1384,400339.cif,B3+:6.000 Ca2+:8.000 Li1+:2.000 N3-:12.000,B1,2.0,3.0,2,3,0.0,[180.0],set()
1390,400465.cif,B3+:6.000 Eu2+:8.000 Li1+:2.000 N3-:12.000,B1,2.0,3.0,2,3,0.0,[180.0],set()
1397,402173.cif,B3+:6.000 Li1+:2.000 N3-:12.000 Sr2+:8.000,B1,2.0,3.0,2,3,0.0,[180.0],set()
1407,40746.cif,Cl1-:12.000 Cu2+:4.000 H1+:16.000 Li1+:4.000 O2-:8.000,H1,2.0,1.0,1,1,0.356,[138.279],set()
1408,40746.cif,Cl1-:12.000 Cu2+:4.000 H1+:16.000 Li1+:4.000 O2-:8.000,H2,2.0,1.0,1,1,0.338,[131.33],set()
1409,40746.cif,Cl1-:12.000 Cu2+:4.000 H1+:16.000 Li1+:4.000 O2-:8.000,H3,2.0,1.0,1,1,0.327,[175.635],set()
1410,40746.cif,Cl1-:12.000 Cu2+:4.000 H1+:16.000 Li1+:4.000 O2-:8.000,H4,2.0,1.0,1,1,0.349,[132.423],set()
1428,41022.cif,B3+:4.000 Li1+:12.000 N3-:8.000,B1,2.0,3.0,2,3,0.008,[179.19],set()
1434,411256.cif,H1+:20.000 Li1+:4.000 O2-:24.000 Te6+:4.000,H2,2.0,1.0,1,1,0.183,[171.69],set()
1435,411256.cif,H1+:20.000 Li1+:4.000 O2-:24.000 Te6+:4.000,H1,2.0,1.0,1,1,0.215,[174.623],set()
1442,413716.cif,H1+:12.000 Li1+:4.000 O2-:64.000 Rb1+:16.000 Se6+:16.000,H2,2.0,1.0,1,1,0.047,[165.105],set()
1654,424485.cif,C4+:10.000 Gd3+:4.048 Li1+:4.000 N3-:20.000 Sr2+:1.960,C1,2.0,4.0,2,4,0.088,[179.19],set()
1655,424485.cif,C4+:10.000 Gd3+:4.048 Li1+:4.000 N3-:20.000 Sr2+:1.960,C2,2.0,4.0,2,4,0.114,[180.0],set()
1656,424485.cif,C4+:10.000 Gd3+:4.048 Li1+:4.000 N3-:20.000 Sr2+:1.960,C3,2.0,4.0,2,4,0.0,[180.0],set()
1665,424963.cif,C4+:8.000 Li1+:4.000 N3-:16.000 Y3+:4.000,C1,2.0,4.0,2,4,0.065,[180.0],set()
1667,425113.cif,C4+:8.000 Li1+:4.000 N3-:12.000,C1,2.0,4.0,2,4,0.265,[173.565],set()
1668,425113.cif,C4+:8.000 Li1+:4.000 N3-:12.000,C2,2.0,4.0,2,4,0.271,[173.565],set()
1702,426274.cif,Al3+:4.000 Ba2+:8.000 C4+:16.000 Li1+:4.000 N3-:32.000,C1,2.0,4.0,2,4,0.101,[178.188],set()
1703,426274.cif,Al3+:4.000 Ba2+:8.000 C4+:16.000 Li1+:4.000 N3-:32.000,C2,2.0,4.0,2,4,0.145,[179.19],set()
1704,426274.cif,Al3+:4.000 Ba2+:8.000 C4+:16.000 Li1+:4.000 N3-:32.000,C3,2.0,4.0,2,4,0.088,[178.854],set()
1705,426274.cif,Al3+:4.000 Ba2+:8.000 C4+:16.000 Li1+:4.000 N3-:32.000,C4,2.0,4.0,2,4,0.106,[177.193],set()
1707,426577.cif,C4+:16.000 Ga3+:3.936 Li1+:4.080 N3-:32.000 Sr2+:8.000,C1,2.0,4.0,2,4,0.076,[176.113],set()
1708,426577.cif,C4+:16.000 Ga3+:3.936 Li1+:4.080 N3-:32.000 Sr2+:8.000,C2,2.0,4.0,2,4,0.151,[178.188],set()
1726,427746.cif,Cu1+:7.228 Li1+:8.772 S2-:8.000,Cu2,2.0,1.0,4,1,0.0,[180.0],set()
1727,427746.cif,Cu1+:7.228 Li1+:8.772 S2-:8.000,Li2,2.0,1.0,2,1,0.0,[180.0],set()
1738,428056.cif,Al3+:4.000 C4+:8.000 Li1+:4.000 N3-:16.000,C1,2.0,4.0,2,4,0.086,[178.854],set()
1745,428405.cif,Fe3+:8.000 Li1+:12.000 O2-:48.000 P5+:12.000,Fe1,2.0,3.0,4,8,1.534,[80.294],set()
1753,430275.cif,C4+:16.000 K1+:4.000 Li1+:4.000 N3-:24.000,C1,2.0,4.0,2,4,0.25,[172.932],set()
1756,430276.cif,C4+:16.000 Li1+:4.000 N3-:24.000 Rb1+:4.000,C1,2.0,4.0,2,4,0.245,[173.025],set()
1790,47158.cif,H1+:4.000 Li1+:4.000 N3+:4.000 O2-:12.000,N1,2.0,3.0,2,5,0.014,[114.035],set()
1932,61065.cif,Ag1+:8.000 Li1+:4.000 N3+:12.000 O2-:24.000,N1,2.0,3.0,2,5,0.044,[116.193],set()
2041,69051.cif,Cu1+:8.000 Cu2+:8.000 Li1+:8.000 O2-:16.000,Cu1,2.0,1.0,4,1,0.012,[178.597],set()
2042,69052.cif,Cu1+:1.000 Cu2+:2.000 Li1+:1.000 O2-:3.000,Cu1,2.0,1.0,4,1,0.0,[180.0],set()
2071,7.cif,H1+:8.000 Li1+:4.000 O2-:12.000 P3+:4.000,H2,2.0,1.0,1,1,0.248,[171.611],set()
2076,71059.cif,Fe2+:8.000 Li1+:4.000 N3-:12.000 Sr2+:8.000,Li1,2.0,1.0,2,1,0.0,[150.146],set()
2077,71060.cif,Ba2+:8.000 Fe2+:8.000 Li1+:4.000 N3-:12.000,Li1,2.0,1.0,2,1,0.0,[150.75],set()
2078,71221.cif,Cu1+:4.000 Cu2+:4.000 Li1+:4.000 O2-:8.000,Cu1,2.0,1.0,4,1,0.004,[177.856],set()
2083,71683.cif,Cu1+:4.000 Cu2+:4.000 Li1+:4.000 O2-:8.000,Cu1,2.0,1.0,4,1,0.019,[178.854],set()
2084,71684.cif,Cu1+:1.000 Cu2+:2.000 Li1+:1.000 O2-:3.000,Cu1,2.0,1.0,4,1,0.0,[180.0],set()
2087,71946.cif,B3+:16.000 H1+:24.000 Li1+:8.000 O2-:40.000,H1,2.0,1.0,1,1,0.255,[154.972],set()
2088,71946.cif,B3+:16.000 H1+:24.000 Li1+:8.000 O2-:40.000,H3,2.0,1.0,1,1,0.204,[102.087],set()
2104,73857.cif,H1+:0.680 I5+:2.000 Li1+:1.320 O2-:6.000,H1,2.0,1.0,1,1,0.146,[176.562],set()
2105,73858.cif,H1+:0.680 I5+:2.000 Li1+:1.320 O2-:6.000,H1,2.0,1.0,1,1,0.152,[176.758],set()
2106,73859.cif,H1+:0.680 I5+:2.000 Li1+:1.320 O2-:6.000,H1,2.0,1.0,1,1,0.151,[175.635],set()
2107,73860.cif,H1+:0.680 I5+:2.000 Li1+:1.320 O2-:6.000,H1,2.0,1.0,1,1,0.133,[173.168],set()
2108,73861.cif,H1+:0.680 I5+:2.000 Li1+:1.320 O2-:6.000,H1,2.0,1.0,1,1,0.136,[174.747],set()
2109,73862.cif,H1+:0.680 I5+:2.000 Li1+:1.320 O2-:6.000,H1,2.0,1.0,1,1,0.119,[176.376],set()
2147,77833.cif,H1+:0.558 I5+:2.000 Li1+:1.320 O2-:6.000,H1,2.0,1.0,1,1,0.126,[180.0],set()
2148,77834.cif,H1+:0.558 I5+:2.000 Li1+:1.320 O2-:6.000,H1,2.0,1.0,1,1,0.097,[178.854],set()
2155,78819.cif,Br1-:1.000 Li1+:10.000 N3-:3.000,Li1,2.0,1.0,2,1,0.0,[173.314],set()
2270,8243.cif,H1+:6.000 Li1+:2.000 O2-:12.000 Se4+:4.000,H1,2.0,1.0,1,1,0.267,[172.096],set()
2271,8243.cif,H1+:6.000 Li1+:2.000 O2-:12.000 Se4+:4.000,H2,2.0,1.0,1,1,0.111,[175.789],set()
2272,8243.cif,H1+:6.000 Li1+:2.000 O2-:12.000 Se4+:4.000,H3,2.0,1.0,1,1,0.284,[172.48],set()
2292,83419.cif,B3+:6.000 Ca2+:8.000 Li1+:2.000 N3-:12.000,B1,2.0,3.0,2,3,0.0,[180.0],set()
2338,84448.cif,Al3+:96.000 Li1+:95.680 O2-:384.000 Si4+:96.000,Li4,2.0,1.0,2,1,0.018,[92.252],set()
2376,85605.cif,D1+:4.157 Li1+:0.640 Mn4+:9.604 Mn5+:4.156 O2-:32.000,D1,2.0,1.0,1,1,0.249,[153.949],set()
2377,85606.cif,H1+:4.800 Li1+:0.640 Mn4+:10.237 Mn5+:3.523 O2-:32.000,H1,2.0,1.0,1,1,0.259,[150.424],set()
2378,85607.cif,H1+:2.237 Li1+:5.760 Mn3+:1.598 Mn4+:12.802 O2-:32.000,H1,2.0,1.0,1,1,0.242,[146.793],set()
2394,87413.cif,Li1+:16.000 N3-:8.000 Sr2+:4.000,Li1,2.0,1.0,2,1,0.0,[174.502],set()
2395,87414.cif,Li1+:2.000 N3-:2.000 Sr2+:2.000,Li1,2.0,1.0,2,1,0.0,[180.0],set()
2413,89240.cif,B3+:16.000 H1+:24.000 Li1+:8.000 O2-:40.000,H1,2.0,1.0,1,1,0.255,[154.972],set()
2414,89240.cif,B3+:16.000 H1+:24.000 Li1+:8.000 O2-:40.000,H3,2.0,1.0,1,1,0.204,[102.093],set()
2419,89242.cif,B3+:16.000 H1+:24.000 Li1+:8.000 O2-:40.000,H3,2.0,1.0,1,1,0.273,[167.877],set()
2503,9433.cif,Be2+:4.000 F1-:16.000 H1+:16.000 Li1+:4.000 N3-:4.000,H3,2.0,1.0,1,1,0.207,[153.05],set()
2524,95939.cif,Li1+:2.920 N3-:1.000,Li1,2.0,1.0,2,1,0.0,[180.0],set()
2577,97702.cif,Al3+:2.000 H1+:4.000 Li1+:2.000 O2-:14.000 Si4+:4.000,H4,2.0,1.0,1,1,0.053,[140.067],set()
2636,10266.cif,B3+:36.000 H1+:90.000 Na1+:18.000 O2-:108.000,H2,2.0,1.0,1,1,0.287,[178.854],set()
2642,10378.cif,B3+:16.000 H1+:32.000 Na1+:8.000 O2-:44.000,H7,2.0,1.0,1,1,0.254,[166.68],set()
2693,14161.cif,H1+:64.000 Na1+:8.000 O2-:32.000 Se2-:8.000 Sn4+:2.000,H2,2.0,1.0,1,1,0.209,[146.71],set()
2694,14161.cif,H1+:64.000 Na1+:8.000 O2-:32.000 Se2-:8.000 Sn4+:2.000,H16,2.0,1.0,1,1,0.206,[152.536],set()
2708,14306.cif,Al3+:4.000 H1+:96.000 Na1+:4.000 O2-:80.000 S6+:8.000,H4,2.0,1.0,1,1,0.291,[174.443],set()
2730,15066.cif,H1+:12.000 Na1+:4.000 O2-:20.000 S6+:4.000,H3,2.0,1.0,1,1,0.272,[177.078],set()
2749,150910.cif,Co3+:0.600 Co4+:1.400 Na1+:0.600 O2-:4.000,Na2,2.0,1.0,3,1,0.0,[180.0],set()
2750,150911.cif,Co3+:0.600 Co4+:1.400 Na1+:0.600 O2-:4.000,Na2,2.0,1.0,3,1,0.0,[180.0],set()
2753,151429.cif,C4+:6.000 H1+:24.000 Na1+:6.000 O2-:30.000 Y3+:2.000,H2,2.0,1.0,1,1,0.226,[158.404],set()
2754,151429.cif,C4+:6.000 H1+:24.000 Na1+:6.000 O2-:30.000 Y3+:2.000,H3,2.0,1.0,1,1,0.246,[157.789],set()
2765,151791.cif,Co3+:1.440 Co4+:0.560 Na1+:1.442 O2-:4.000,Na2,2.0,1.0,3,1,0.0,[163.058],set()
2766,151792.cif,Co3+:1.460 Co4+:0.540 Na1+:1.452 O2-:4.000,Na2,2.0,1.0,3,1,0.0,[163.196],set()
2767,151793.cif,Co3+:1.420 Co4+:0.580 Na1+:1.422 O2-:4.000,Na2,2.0,1.0,3,1,0.0,[163.925],set()
2768,151794.cif,Co3+:1.500 Co4+:0.500 Na1+:1.492 O2-:4.000,Na2,2.0,1.0,3,1,0.0,[160.926],set()
2769,151796.cif,Co3+:1.500 Co4+:0.500 Na1+:1.492 O2-:4.000,Na2,2.0,1.0,3,1,0.0,[164.196],set()
2770,151797.cif,Co3+:1.520 Co4+:0.480 Na1+:1.524 O2-:4.000,Na2,2.0,1.0,3,1,0.0,[168.962],set()
2771,151798.cif,Co3+:1.500 Co4+:0.500 Na1+:1.498 O2-:4.000,Na2,2.0,1.0,3,1,0.0,[165.743],set()
2791,152164.cif,F1-:38.000 H1+:36.000 N3-:8.000 Na1+:2.000 Zr4+:6.000,H11,2.0,1.0,1,1,0.295,[143.911],set()
2792,152164.cif,F1-:38.000 H1+:36.000 N3-:8.000 Na1+:2.000 Zr4+:6.000,H1,2.0,1.0,1,1,0.236,[163.335],set()
2793,152164.cif,F1-:38.000 H1+:36.000 N3-:8.000 Na1+:2.000 Zr4+:6.000,H2,2.0,1.0,1,1,0.278,[165.466],set()
2794,152164.cif,F1-:38.000 H1+:36.000 N3-:8.000 Na1+:2.000 Zr4+:6.000,H13,2.0,1.0,1,1,0.311,[138.461],set()
2795,152164.cif,F1-:38.000 H1+:36.000 N3-:8.000 Na1+:2.000 Zr4+:6.000,H15,2.0,1.0,1,1,0.28,[172.978],set()
2801,152165.cif,Cs1+:8.000 F1-:38.000 H1+:4.000 Hf4+:6.000 Na1+:2.000,H1,2.0,1.0,1,1,0.196,[167.369],set()
2834,15368.cif,Al3+:4.000 H1+:96.000 Na1+:4.000 O2-:80.000 S6+:8.000,H4,2.0,1.0,1,1,0.275,[172.932],set()
2835,15389.cif,H1+:80.000 Na1+:16.000 O2-:68.000 P5+:8.000,H6,2.0,1.0,1,1,0.211,[170.823],set()
2836,15389.cif,H1+:80.000 Na1+:16.000 O2-:68.000 P5+:8.000,H10,2.0,1.0,1,1,0.169,[160.288],set()
2878,154671.cif,H1+:20.000 Na1+:8.000 O2-:32.000 Se6+:4.000 Te6+:2.000,H4,2.0,1.0,1,1,0.059,[150.844],set()
3027,158304.cif,Al3+:4.000 K1+:3.200 Na1+:0.800 O2-:32.000 Si4+:12.000,Al1,2.0,3.0,3,3,0.3,[90.292],set()
3028,158304.cif,Al3+:4.000 K1+:3.200 Na1+:0.800 O2-:32.000 Si4+:12.000,Si1,2.0,4.0,3,4,0.301,[90.292],set()
3172,162464.cif,H1+:144.000 Na1+:16.000 O2-:96.000 Si4+:8.000,H3,2.0,1.0,1,1,0.2,[160.035],set()
3271,16415.cif,H1+:16.000 K1+:12.000 Na1+:4.000 O2-:56.000 P5+:16.000,H2,2.0,1.0,1,1,0.309,[171.189],set()
3272,16415.cif,H1+:16.000 K1+:12.000 Na1+:4.000 O2-:56.000 P5+:16.000,H1,2.0,1.0,1,1,0.264,[170.265],set()
3273,16415.cif,H1+:16.000 K1+:12.000 Na1+:4.000 O2-:56.000 P5+:16.000,H3,2.0,1.0,1,1,0.0,[180.0],set()
3278,16432.cif,H1+:24.000 Na1+:8.000 O2-:40.000 S6+:4.000 Te6+:4.000,H1,2.0,1.0,1,1,0.274,[175.948],set()
3279,16432.cif,H1+:24.000 Na1+:8.000 O2-:40.000 S6+:4.000 Te6+:4.000,H4,2.0,1.0,1,1,0.263,[176.659],set()
3280,16432.cif,H1+:24.000 Na1+:8.000 O2-:40.000 S6+:4.000 Te6+:4.000,H5,2.0,1.0,1,1,0.199,[176.113],set()
3281,16432.cif,H1+:24.000 Na1+:8.000 O2-:40.000 S6+:4.000 Te6+:4.000,H6,2.0,1.0,1,1,0.216,[175.205],set()
3294,165258.cif,Au1+:32.000 Na1+:32.000 S2-:32.000,Au1,2.0,1.0,6,1,0.007,[171.455],set()
3295,165258.cif,Au1+:32.000 Na1+:32.000 S2-:32.000,Au2,2.0,1.0,6,1,0.0,[170.787],set()
3296,165258.cif,Au1+:32.000 Na1+:32.000 S2-:32.000,Au3,2.0,1.0,6,1,0.0,[180.0],set()
3418,168568.cif,H1+:7.000 Na1+:5.000 O2-:18.000 Se6+:4.000,H1,2.0,1.0,1,1,0.068,[157.473],set()
3432,1698.cif,B3+:32.000 H1+:16.000 Na1+:16.000 O2-:64.000,H1,2.0,1.0,1,1,0.098,[133.181],set()
3614,1811.cif,B3+:1.000 Na1+:0.208 O2-:26.000 P5+:6.000 Sr2+:9.402,B1,2.0,3.0,2,3,0.0,[180.0],set()
3619,18183.cif,C4+:4.000 H1+:4.000 Na1+:4.000 O2-:12.000,H1,2.0,1.0,1,1,0.213,[164.644],set()
3640,183578.cif,Al3+:1.000 H1+:44.000 Na1+:3.000 O2-:50.000 V5+:10.000,H16,2.0,1.0,1,1,0.156,[142.74],set()
3677,1858.cif,Cl3+:2.000 H1+:12.000 Na1+:2.000 O2-:10.000,Cl1,2.0,3.0,3,7,0.019,[108.367],set()
3679,186289.cif,Al3+:2.000 H1+:2.000 Na1+:4.000 O2-:18.000 Si4+:6.000,H1,2.0,1.0,1,1,0.17,[175.789],set()
3703,187782.cif,H1+:32.000 Na1+:2.000 O2-:42.000 V5+:10.000,H12,2.0,1.0,1,1,0.189,[152.08],set()
3727,188086.cif,Al3+:12.000 H1+:15.968 Na1+:4.000 O2-:48.000 P5+:8.000,H1,2.0,1.0,1,1,0.319,[174.154],set()
3734,188087.cif,Al3+:12.000 H1+:16.000 Na1+:4.000 O2-:48.000 P5+:8.000,H1,2.0,1.0,1,1,0.318,[174.098],set()
3977,193826.cif,H1+:28.000 Na1+:4.000 Nb5+:8.000 O2-:36.000,H4,2.0,1.0,1,1,0.221,[142.195],set()
4036,1954.cif,Cl3+:2.000 H1+:12.000 Na1+:2.000 O2-:10.000,Cl1,2.0,3.0,3,7,0.01,[108.234],set()
4044,195514.cif,H1+:8.000 Mg2+:12.000 Na1+:4.000 O2-:48.000 P5+:12.000,H1,2.0,1.0,1,1,0.333,[173.72],set()
4141,20.cif,As5+:2.000 H1+:28.000 Na1+:6.000 O2-:20.000 S2-:2.000,H6,2.0,1.0,1,1,0.247,[148.848],set()
4142,20.cif,As5+:2.000 H1+:28.000 Na1+:6.000 O2-:20.000 S2-:2.000,H12,2.0,1.0,1,1,0.221,[161.406],set()
4143,20.cif,As5+:2.000 H1+:28.000 Na1+:6.000 O2-:20.000 S2-:2.000,H14,2.0,1.0,1,1,0.275,[162.979],set()
4157,200377.cif,Ag1+:8.000 N3+:16.000 Na1+:8.000 O2-:32.000,N1,2.0,3.0,2,5,0.0,[123.127],set()
4158,200377.cif,Ag1+:8.000 N3+:16.000 Na1+:8.000 O2-:32.000,N2,2.0,3.0,2,5,0.0,[111.242],set()
4160,2005.cif,C4+:4.000 N3-:4.000 Na1+:4.000 S2-:4.000,C1,2.0,4.0,2,4,0.332,[179.19],set()
4183,200885.cif,H1+:16.000 Na1+:8.000 O2-:32.000 P5+:8.000,H1,2.0,1.0,1,1,0.271,[175.635],set()
4184,200885.cif,H1+:16.000 Na1+:8.000 O2-:32.000 P5+:8.000,H2,2.0,1.0,1,1,0.283,[176.968],set()
4185,200885.cif,H1+:16.000 Na1+:8.000 O2-:32.000 P5+:8.000,H3,2.0,1.0,1,1,0.236,[177.569],set()
4186,200885.cif,H1+:16.000 Na1+:8.000 O2-:32.000 P5+:8.000,H4,2.0,1.0,1,1,0.206,[167.661],set()
4263,201800.cif,Ag1+:4.000 Na1+:12.000 S2-:8.000,Ag1,2.0,1.0,5,1,0.0,[180.0],set()
4284,202329.cif,Au1+:6.000 Na1+:18.000 S2-:12.000,Au1,2.0,1.0,6,1,0.0,[180.0],set()
4322,202861.cif,As5+:16.000 H1+:20.000 Na1+:12.000 O2-:56.000,H3,2.0,1.0,1,1,0.206,[103.486],set()
4400,2086.cif,Al3+:12.000 H1+:16.000 Na1+:4.000 O2-:48.000 P5+:8.000,H1,2.0,1.0,1,1,0.262,[174.326],set()
4407,20926.cif,Ag1+:8.000 N3+:16.000 Na1+:8.000 O2-:32.000,N1,2.0,3.0,2,5,0.0,[115.239],set()
4408,20926.cif,Ag1+:8.000 N3+:16.000 Na1+:8.000 O2-:32.000,N2,2.0,3.0,2,5,0.0,[119.617],set()
4424,22.cif,Cl3+:4.000 Na1+:4.000 O2-:8.000,Cl1,2.0,3.0,3,7,0.0,[108.645],set()
4481,236403.cif,Fe3+:4.000 Li1+:4.000 Na1+:8.048 O2-:24.000 Te6+:4.000,Na4,2.0,1.0,3,1,0.71,[113.985],set()
4487,237075.cif,Al3+:6.000 F1-:24.000 H1+:12.000 Na1+:2.000 O2-:4.000,H2,2.0,1.0,1,1,0.32,[154.783],set()
4488,237075.cif,Al3+:6.000 F1-:24.000 H1+:12.000 Na1+:2.000 O2-:4.000,H4,2.0,1.0,1,1,0.295,[166.337],set()
4489,237075.cif,Al3+:6.000 F1-:24.000 H1+:12.000 Na1+:2.000 O2-:4.000,H1,2.0,1.0,1,1,0.299,[167.161],set()
4490,237075.cif,Al3+:6.000 F1-:24.000 H1+:12.000 Na1+:2.000 O2-:4.000,H5,2.0,1.0,1,1,0.341,[136.778],set()
4511,237796.cif,C4+:2.000 Cu2+:2.000 Na1+:6.000 O2-:14.000 P5+:2.000,C1,2.0,4.0,2,4,0.304,[175.003],set()
4703,242244.cif,H1+:80.000 Na1+:8.000 O2-:56.000 S6+:4.000,H15,2.0,1.0,1,1,0.072,[169.022],set()
4704,242244.cif,H1+:80.000 Na1+:8.000 O2-:56.000 S6+:4.000,H18,2.0,1.0,1,1,0.224,[158.388],set()
4718,243498.cif,C2+:12.000 H1+:12.000 Mn2+:4.000 Na1+:4.000 O2-:24.000,C1,2.0,2.0,2,4,0.019,[126.949],set()
4719,243498.cif,C2+:12.000 H1+:12.000 Mn2+:4.000 Na1+:4.000 O2-:24.000,H1,2.0,1.0,1,1,0.001,[73.728],set()
4721,243500.cif,C2+:12.000 Co2+:4.000 H1+:12.000 Na1+:4.000 O2-:24.000,C1,2.0,2.0,2,4,0.01,[127.713],set()
4722,243500.cif,C2+:12.000 Co2+:4.000 H1+:12.000 Na1+:4.000 O2-:24.000,H1,2.0,1.0,1,1,0.001,[74.151],set()
4840,245932.cif,Hf4+:6.018 Na1+:29.940 O2-:72.000 P5+:18.000,Na5,2.0,1.0,3,1,0.0,[121.319],set()
4854,246579.cif,Co3+:0.680 Co4+:1.320 Na1+:0.684 O2-:4.000,Na2,2.0,1.0,3,1,0.0,[167.239],set()
4855,246580.cif,Co3+:1.260 Co4+:0.740 Na1+:1.262 O2-:4.000,Na2,2.0,1.0,3,1,0.0,[166.072],set()
4856,246581.cif,Co3+:1.420 Co4+:0.580 Na1+:1.414 O2-:4.000,Na2,2.0,1.0,3,1,0.0,[160.018],set()
4880,24817.cif,Ag1+:4.000 Na1+:12.000 O2-:8.000,Ag1,2.0,1.0,5,1,0.0,[180.0],set()
4919,2495.cif,C4+:4.000 H1+:4.000 N3-:8.000 Na1+:4.000,C1,2.0,4.0,2,4,0.168,[176.286],set()
4923,249552.cif,H1+:4.000 Na1+:12.000 O2-:32.000 S6+:8.000,H1,2.0,1.0,1,1,0.085,[178.854],set()
4926,249553.cif,H1+:4.000 Na1+:12.000 O2-:32.000 S6+:8.000,H1,2.0,1.0,1,1,0.016,[179.19],set()
4929,249554.cif,H1+:4.000 Na1+:12.000 O2-:32.000 S6+:8.000,H1,2.0,1.0,1,1,0.018,[177.312],set()
4978,250074.cif,Ga3+:12.000 H1+:16.000 Na1+:4.000 O2-:48.000 P5+:8.000,H3,2.0,1.0,1,1,0.182,[141.527],set()
4987,250194.cif,B3+:24.000 Na1+:12.000 O2-:42.000,B9,2.0,3.0,2,3,0.068,[113.885],set()
5006,250328.cif,F1-:6.000 H1+:3.000 Na1+:3.000,H1,2.0,1.0,1,1,0.0,[180.0],set()
5008,250422.cif,H1+:144.000 Na1+:16.000 O2-:96.000 Si4+:8.000,H3,2.0,1.0,1,1,0.2,[160.035],set()
5009,250437.cif,Mo6+:8.000 Na1+:16.000 O2-:64.000 P5+:8.000 Tb3+:8.000,Mo1,2.0,6.0,5,6,0.0,[166.856],set()
5042,251517.cif,C2+:8.000 Cu2+:3.000 H1+:8.000 Na1+:2.000 O2-:16.000,C1,2.0,2.0,2,4,0.014,[125.937],set()
5043,251517.cif,C2+:8.000 Cu2+:3.000 H1+:8.000 Na1+:2.000 O2-:16.000,C2,2.0,2.0,2,4,0.001,[128.382],set()
5044,251517.cif,C2+:8.000 Cu2+:3.000 H1+:8.000 Na1+:2.000 O2-:16.000,C3,2.0,2.0,2,4,0.083,[123.052],set()
5045,251517.cif,C2+:8.000 Cu2+:3.000 H1+:8.000 Na1+:2.000 O2-:16.000,C4,2.0,2.0,2,4,0.015,[126.949],set()
5046,251517.cif,C2+:8.000 Cu2+:3.000 H1+:8.000 Na1+:2.000 O2-:16.000,H1,2.0,1.0,1,1,0.001,[73.477],set()
5047,251517.cif,C2+:8.000 Cu2+:3.000 H1+:8.000 Na1+:2.000 O2-:16.000,H2,2.0,1.0,1,1,0.0,[74.758],set()
5048,251517.cif,C2+:8.000 Cu2+:3.000 H1+:8.000 Na1+:2.000 O2-:16.000,H4,2.0,1.0,1,1,0.0,[69.488],set()
5056,251518.cif,C2+:8.000 Cu2+:3.000 H1+:8.000 Na1+:2.000 O2-:16.000,C1,2.0,2.0,2,4,0.06,[123.161],set()
5057,251518.cif,C2+:8.000 Cu2+:3.000 H1+:8.000 Na1+:2.000 O2-:16.000,C2,2.0,2.0,2,4,0.025,[126.627],set()
5058,251518.cif,C2+:8.000 Cu2+:3.000 H1+:8.000 Na1+:2.000 O2-:16.000,C3,2.0,2.0,2,4,0.017,[126.441],set()
5059,251518.cif,C2+:8.000 Cu2+:3.000 H1+:8.000 Na1+:2.000 O2-:16.000,C4,2.0,2.0,2,4,0.003,[127.858],set()
5060,251518.cif,C2+:8.000 Cu2+:3.000 H1+:8.000 Na1+:2.000 O2-:16.000,H2,2.0,1.0,1,1,0.001,[72.872],set()
5061,251518.cif,C2+:8.000 Cu2+:3.000 H1+:8.000 Na1+:2.000 O2-:16.000,H3,2.0,1.0,1,1,0.0,[73.746],set()
5062,251518.cif,C2+:8.000 Cu2+:3.000 H1+:8.000 Na1+:2.000 O2-:16.000,H4,2.0,1.0,1,1,0.002,[70.98],set()
5070,251519.cif,C2+:8.000 Cu2+:3.000 H1+:8.000 Na1+:2.000 O2-:16.000,C1,2.0,2.0,2,4,0.06,[123.862],set()
5071,251519.cif,C2+:8.000 Cu2+:3.000 H1+:8.000 Na1+:2.000 O2-:16.000,C2,2.0,2.0,2,4,0.009,[127.438],set()
5072,251519.cif,C2+:8.000 Cu2+:3.000 H1+:8.000 Na1+:2.000 O2-:16.000,C3,2.0,2.0,2,4,0.007,[126.977],set()
5073,251519.cif,C2+:8.000 Cu2+:3.000 H1+:8.000 Na1+:2.000 O2-:16.000,C4,2.0,2.0,2,4,0.02,[128.411],set()
5074,251519.cif,C2+:8.000 Cu2+:3.000 H1+:8.000 Na1+:2.000 O2-:16.000,H1,2.0,1.0,1,1,0.001,[74.104],set()
5075,251519.cif,C2+:8.000 Cu2+:3.000 H1+:8.000 Na1+:2.000 O2-:16.000,H3,2.0,1.0,1,1,0.001,[74.716],set()
5076,251519.cif,C2+:8.000 Cu2+:3.000 H1+:8.000 Na1+:2.000 O2-:16.000,H4,2.0,1.0,1,1,0.001,[71.295],set()
5084,251520.cif,C2+:8.000 Cu2+:3.000 H1+:8.000 Na1+:2.000 O2-:16.000,C1,2.0,2.0,2,4,0.058,[123.718],set()
5085,251520.cif,C2+:8.000 Cu2+:3.000 H1+:8.000 Na1+:2.000 O2-:16.000,C2,2.0,2.0,2,4,0.008,[127.035],set()
5086,251520.cif,C2+:8.000 Cu2+:3.000 H1+:8.000 Na1+:2.000 O2-:16.000,C3,2.0,2.0,2,4,0.016,[126.82],set()
5087,251520.cif,C2+:8.000 Cu2+:3.000 H1+:8.000 Na1+:2.000 O2-:16.000,C4,2.0,2.0,2,4,0.004,[128.807],set()
5088,251520.cif,C2+:8.000 Cu2+:3.000 H1+:8.000 Na1+:2.000 O2-:16.000,H1,2.0,1.0,1,1,0.001,[73.877],set()
5089,251520.cif,C2+:8.000 Cu2+:3.000 H1+:8.000 Na1+:2.000 O2-:16.000,H2,2.0,1.0,1,1,0.001,[73.847],set()
5090,251520.cif,C2+:8.000 Cu2+:3.000 H1+:8.000 Na1+:2.000 O2-:16.000,H3,2.0,1.0,1,1,0.0,[74.865],set()
5091,251520.cif,C2+:8.000 Cu2+:3.000 H1+:8.000 Na1+:2.000 O2-:16.000,H4,2.0,1.0,1,1,0.004,[71.252],set()
5099,251521.cif,C2+:8.000 Cu2+:3.000 H1+:8.000 Na1+:2.000 O2-:16.000,C1,2.0,2.0,2,4,0.059,[123.904],set()
5100,251521.cif,C2+:8.000 Cu2+:3.000 H1+:8.000 Na1+:2.000 O2-:16.000,C2,2.0,2.0,2,4,0.007,[127.344],set()
5101,251521.cif,C2+:8.000 Cu2+:3.000 H1+:8.000 Na1+:2.000 O2-:16.000,C3,2.0,2.0,2,4,0.022,[127.164],set()
5102,251521.cif,C2+:8.000 Cu2+:3.000 H1+:8.000 Na1+:2.000 O2-:16.000,C4,2.0,2.0,2,4,0.005,[128.829],set()
5103,251521.cif,C2+:8.000 Cu2+:3.000 H1+:8.000 Na1+:2.000 O2-:16.000,H1,2.0,1.0,1,1,0.001,[73.966],set()
5104,251521.cif,C2+:8.000 Cu2+:3.000 H1+:8.000 Na1+:2.000 O2-:16.000,H2,2.0,1.0,1,1,0.001,[73.931],set()
5105,251521.cif,C2+:8.000 Cu2+:3.000 H1+:8.000 Na1+:2.000 O2-:16.000,H3,2.0,1.0,1,1,0.0,[74.847],set()
5106,251521.cif,C2+:8.000 Cu2+:3.000 H1+:8.000 Na1+:2.000 O2-:16.000,H4,2.0,1.0,1,1,0.005,[71.802],set()
5114,251522.cif,C2+:12.000 H1+:12.000 Mn2+:4.000 Na1+:4.000 O2-:24.000,C1,2.0,2.0,2,4,0.015,[126.884],set()
5115,251522.cif,C2+:12.000 H1+:12.000 Mn2+:4.000 Na1+:4.000 O2-:24.000,H1,2.0,1.0,1,1,0.001,[72.974],set()
5117,251523.cif,C2+:12.000 H1+:12.000 Mn2+:4.000 Na1+:4.000 O2-:24.000,C1,2.0,2.0,2,4,0.025,[126.827],set()
5118,251523.cif,C2+:12.000 H1+:12.000 Mn2+:4.000 Na1+:4.000 O2-:24.000,H1,2.0,1.0,1,1,0.002,[72.884],set()
5120,251524.cif,C2+:12.000 H1+:12.000 Mn2+:4.000 Na1+:4.000 O2-:24.000,C1,2.0,2.0,2,4,0.025,[127.064],set()
5121,251524.cif,C2+:12.000 H1+:12.000 Mn2+:4.000 Na1+:4.000 O2-:24.000,H1,2.0,1.0,1,1,0.002,[72.932],set()
5123,251525.cif,C2+:12.000 H1+:12.000 Mn2+:4.000 Na1+:4.000 O2-:24.000,C1,2.0,2.0,2,4,0.035,[127.078],set()
5124,251525.cif,C2+:12.000 H1+:12.000 Mn2+:4.000 Na1+:4.000 O2-:24.000,H1,2.0,1.0,1,1,0.002,[73.274],set()
5126,251526.cif,C2+:12.000 H1+:12.000 Mn2+:4.000 Na1+:4.000 O2-:24.000,C1,2.0,2.0,2,4,0.031,[127.416],set()
5127,251526.cif,C2+:12.000 H1+:12.000 Mn2+:4.000 Na1+:4.000 O2-:24.000,H1,2.0,1.0,1,1,0.002,[73.794],set()
5160,251715.cif,C2+:16.000 Cu2+:8.000 H1+:36.000 Na1+:8.000 O2-:46.000,C1,2.0,2.0,2,4,0.1,[134.275],set()
5161,251715.cif,C2+:16.000 Cu2+:8.000 H1+:36.000 Na1+:8.000 O2-:46.000,C2,2.0,2.0,2,4,0.028,[124.111],set()
5162,251715.cif,C2+:16.000 Cu2+:8.000 H1+:36.000 Na1+:8.000 O2-:46.000,H1,2.0,1.0,1,1,0.006,[71.234],set()
5163,251715.cif,C2+:16.000 Cu2+:8.000 H1+:36.000 Na1+:8.000 O2-:46.000,H2,2.0,1.0,1,1,0.003,[67.126],set()
5210,252813.cif,Cu1+:6.000 Ir4+:3.980 Na1+:2.020 O2-:12.000,Cu1,2.0,1.0,4,1,0.0,[180.0],set()
5211,252813.cif,Cu1+:6.000 Ir4+:3.980 Na1+:2.020 O2-:12.000,Cu2,2.0,1.0,4,1,0.0,[178.379],set()
5212,252814.cif,Cu1+:12.000 Ir4+:8.160 Na1+:3.840 O2-:24.000,Cu1,2.0,1.0,4,1,0.0,[168.493],set()
5213,252814.cif,Cu1+:12.000 Ir4+:8.160 Na1+:3.840 O2-:24.000,Cu2,2.0,1.0,4,1,0.0,[180.0],set()
5214,252814.cif,Cu1+:12.000 Ir4+:8.160 Na1+:3.840 O2-:24.000,Cu3,2.0,1.0,4,1,0.0,[169.769],set()
5215,252814.cif,Cu1+:12.000 Ir4+:8.160 Na1+:3.840 O2-:24.000,Ir2,2.0,4.0,6,8,0.0,[180.0],set()
5216,252814.cif,Cu1+:12.000 Ir4+:8.160 Na1+:3.840 O2-:24.000,Na2,2.0,1.0,3,1,0.0,[180.0],set()
5308,256032.cif,F1-:48.000 H1+:8.000 Na1+:8.000 Ti4+:8.000,H1,2.0,1.0,1,1,0.214,[175.561],set()
5320,258146.cif,Al3+:6.000 Mn4+:1.660 Na1+:7.680 O2-:27.720 Si4+:6.000,Al1,2.0,3.0,3,3,0.0,[109.433],set()
5322,258146.cif,Al3+:6.000 Mn4+:1.660 Na1+:7.680 O2-:27.720 Si4+:6.000,Si1,2.0,4.0,3,4,0.0,[111.229],set()
5323,258147.cif,Al3+:6.000 Mn4+:1.660 Na1+:7.680 O2-:27.720 Si4+:6.000,Al1,2.0,3.0,3,3,0.0,[110.188],set()
5325,258147.cif,Al3+:6.000 Mn4+:1.660 Na1+:7.680 O2-:27.720 Si4+:6.000,Si1,2.0,4.0,3,4,0.0,[111.18],set()
5326,258148.cif,Al3+:6.000 Mn4+:1.660 Na1+:7.680 O2-:27.720 Si4+:6.000,Al1,2.0,3.0,3,3,0.0,[108.126],set()
5328,258148.cif,Al3+:6.000 Mn4+:1.660 Na1+:7.680 O2-:27.720 Si4+:6.000,Si1,2.0,4.0,3,4,0.0,[109.646],set()
5329,258149.cif,Al3+:6.000 Mn4+:1.660 Na1+:7.680 O2-:27.720 Si4+:6.000,Al1,2.0,3.0,3,3,0.0,[108.126],set()
5331,258149.cif,Al3+:6.000 Mn4+:1.660 Na1+:7.680 O2-:27.720 Si4+:6.000,Si1,2.0,4.0,3,4,0.0,[109.646],set()
5332,258150.cif,Al3+:6.000 Mn4+:1.660 Na1+:7.680 O2-:27.720 Si4+:6.000,Al1,2.0,3.0,3,3,0.0,[109.232],set()
5334,258150.cif,Al3+:6.000 Mn4+:1.660 Na1+:7.680 O2-:27.720 Si4+:6.000,Si1,2.0,4.0,3,4,0.0,[110.512],set()
5335,258151.cif,Al3+:6.000 Mn4+:1.660 Na1+:7.680 O2-:27.720 Si4+:6.000,Al1,2.0,3.0,3,3,0.0,[105.129],set()
5337,258151.cif,Al3+:6.000 Mn4+:1.660 Na1+:7.680 O2-:27.720 Si4+:6.000,Si1,2.0,4.0,3,4,0.0,[105.005],set()
5338,258152.cif,Al3+:6.000 Mn4+:1.660 Na1+:7.680 O2-:27.720 Si4+:6.000,Al1,2.0,3.0,3,3,0.0,[103.491],set()
5340,258152.cif,Al3+:6.000 Mn4+:1.660 Na1+:7.680 O2-:27.720 Si4+:6.000,Si1,2.0,4.0,3,4,0.0,[103.715],set()
5341,258153.cif,Al3+:6.000 Mn4+:1.660 Na1+:7.680 O2-:27.720 Si4+:6.000,Al1,2.0,3.0,3,3,0.0,[104.052],set()
5343,258153.cif,Al3+:6.000 Mn4+:1.660 Na1+:7.680 O2-:27.720 Si4+:6.000,Si1,2.0,4.0,3,4,0.0,[104.17],set()
5344,258154.cif,Al3+:6.000 Mn4+:1.660 Na1+:7.680 O2-:27.720 Si4+:6.000,Al1,2.0,3.0,3,3,0.0,[103.309],set()
5346,258154.cif,Al3+:6.000 Mn4+:1.660 Na1+:7.680 O2-:27.720 Si4+:6.000,Si1,2.0,4.0,3,4,0.0,[103.527],set()
5347,258155.cif,Al3+:6.000 Mn4+:1.660 Na1+:7.680 O2-:27.720 Si4+:6.000,Al1,2.0,3.0,3,3,0.0,[97.863],set()
5349,258155.cif,Al3+:6.000 Mn4+:1.660 Na1+:7.680 O2-:27.720 Si4+:6.000,Si1,2.0,4.0,3,4,0.0,[98.772],set()
5350,258156.cif,Al3+:6.000 Mn4+:1.660 Na1+:7.680 O2-:27.720 Si4+:6.000,Al1,2.0,3.0,3,3,0.0,[94.692],set()
5352,258156.cif,Al3+:6.000 Mn4+:1.660 Na1+:7.680 O2-:27.720 Si4+:6.000,Si1,2.0,4.0,3,4,0.0,[95.469],set()
5467,260367.cif,C2+:12.000 H1+:12.000 Mn2+:4.000 Na1+:4.000 O2-:24.000,C1,2.0,2.0,2,4,0.024,[126.877],set()
5468,260367.cif,C2+:12.000 H1+:12.000 Mn2+:4.000 Na1+:4.000 O2-:24.000,H1,2.0,1.0,1,1,0.002,[73.758],set()
5523,261255.cif,Na1+:26.736 O2-:48.000 Ru5+:14.052,Ru14,2.0,5.0,5,8,0.756,[156.506],set()
5524,261255.cif,Na1+:26.736 O2-:48.000 Ru5+:14.052,Ru15,2.0,5.0,5,8,0.212,[148.255],set()
5525,261255.cif,Na1+:26.736 O2-:48.000 Ru5+:14.052,Ru7,2.0,5.0,5,8,0.67,[146.553],set()
5526,261255.cif,Na1+:26.736 O2-:48.000 Ru5+:14.052,Ru8,2.0,5.0,5,8,1.034,[157.503],set()
5632,262850.cif,Cu1+:5.940 Na1+:6.000 Nb5+:3.840 O2-:66.000 Ta5+:20.160,Cu1,2.0,1.0,4,1,0.0,[180.0],set()
5633,262851.cif,Cu1+:5.940 Na1+:6.000 Nb5+:7.200 O2-:66.000 Ta5+:16.800,Cu1,2.0,1.0,4,1,0.0,[180.0],set()
5634,262852.cif,Cu1+:5.940 Na1+:6.000 Nb5+:11.220 O2-:66.000 Ta5+:12.780,Cu1,2.0,1.0,4,1,0.0,[180.0],set()
5637,26323.cif,H1+:40.000 Na1+:24.000 O2-:48.000 Si4+:8.000,H2,2.0,1.0,1,1,0.215,[165.083],set()
5638,26323.cif,H1+:40.000 Na1+:24.000 O2-:48.000 Si4+:8.000,H4,2.0,1.0,1,1,0.277,[169.389],set()
5639,26323.cif,H1+:40.000 Na1+:24.000 O2-:48.000 Si4+:8.000,H5,2.0,1.0,1,1,0.19,[161.12],set()
5640,26344.cif,Co3+:4.000 K1+:6.576 N3+:24.000 Na1+:5.424 O2-:48.000,N1,2.0,3.0,2,5,0.0,[119.347],set()
5647,264709.cif,H1+:4.000 Na1+:12.000 O2-:32.000 S6+:8.000,H1,2.0,1.0,1,1,0.036,[175.561],set()
5663,26543.cif,H1+:40.000 Na1+:24.000 O2-:48.000 Si4+:8.000,H4,2.0,1.0,1,1,0.261,[169.327],set()
5670,26969.cif,C4+:8.000 Ca2+:4.000 H1+:40.000 Na1+:8.000 O2-:44.000,H1,2.0,1.0,1,1,0.287,[180.0],set()
5671,26969.cif,C4+:8.000 Ca2+:4.000 H1+:40.000 Na1+:8.000 O2-:44.000,H2,2.0,1.0,1,1,0.29,[180.0],set()
5672,27211.cif,B3+:4.000 H1+:4.000 Na1+:8.000 O2-:12.000,H1,2.0,1.0,1,1,0.289,[179.19],set()
5743,280187.cif,C4+:8.000 N3-:12.000 Na1+:4.000,C1,2.0,4.0,2,4,0.276,[173.88],set()
5744,280187.cif,C4+:8.000 N3-:12.000 Na1+:4.000,C2,2.0,4.0,2,4,0.311,[171.115],set()
5746,280188.cif,C4+:24.000 N3-:36.000 Na1+:12.000,C4,2.0,4.0,2,4,0.277,[170.197],set()
5747,280188.cif,C4+:24.000 N3-:36.000 Na1+:12.000,C5,2.0,4.0,2,4,0.217,[178.854],set()
5748,280188.cif,C4+:24.000 N3-:36.000 Na1+:12.000,C6,2.0,4.0,2,4,0.364,[172.839],set()
5764,280361.cif,N3+:2.000 Na1+:2.000 O2-:4.000,N1,2.0,3.0,2,5,0.0,[114.645],set()
5766,280455.cif,H1+:16.000 Na1+:8.000 O2-:32.000 P5+:8.000,H1,2.0,1.0,1,1,0.256,[175.635],set()
5767,280455.cif,H1+:16.000 Na1+:8.000 O2-:32.000 P5+:8.000,H2,2.0,1.0,1,1,0.287,[175.344],set()
5768,280455.cif,H1+:16.000 Na1+:8.000 O2-:32.000 P5+:8.000,H3,2.0,1.0,1,1,0.228,[177.193],set()
5769,280455.cif,H1+:16.000 Na1+:8.000 O2-:32.000 P5+:8.000,H4,2.0,1.0,1,1,0.186,[167.422],set()
5782,280729.cif,Co3+:3.000 N3+:18.000 Na1+:9.000 O2-:36.000,N1,2.0,3.0,2,5,0.02,[117.918],set()
5783,280730.cif,Co3+:3.000 N3+:18.000 Na1+:9.000 O2-:36.000,N1,2.0,3.0,2,5,0.011,[118.516],set()
5940,2849.cif,B3+:40.000 H1+:80.000 Na1+:8.000 O2-:104.000,H3,2.0,1.0,1,1,0.207,[172.35],set()
6046,33638.cif,Na1+:4.001 O2-:18.000 Te4+:6.000 Zn2+:4.000,Na2,2.0,1.0,3,1,0.218,[68.537],set()
6063,34523.cif,H1+:6.000 Na1+:2.000 O2-:12.000 Se4+:4.000,H1,2.0,1.0,1,1,0.0,[180.0],set()
6097,34945.cif,Ca2+:4.000 H1+:2.000 Na1+:2.000 O2-:18.000 Si4+:6.000,H1,2.0,1.0,1,1,0.18,[170.823],set()
6103,35091.cif,Co2+:8.000 H1+:64.000 Na1+:8.000 O2-:80.000 P3+:24.000,H4,2.0,1.0,1,1,0.326,[170.931],set()
6114,35191.cif,C4+:8.000 H1+:20.000 Na1+:12.000 O2-:32.000,H3,2.0,1.0,1,1,0.0,[180.0],set()
6115,35194.cif,C4+:8.000 H1+:112.000 Na1+:16.000 O2-:80.000,H1,2.0,1.0,1,1,0.216,[166.483],set()
6116,35194.cif,C4+:8.000 H1+:112.000 Na1+:16.000 O2-:80.000,H2,2.0,1.0,1,1,0.215,[167.742],set()
6117,35194.cif,C4+:8.000 H1+:112.000 Na1+:16.000 O2-:80.000,H4,2.0,1.0,1,1,0.193,[160.648],set()
6118,35194.cif,C4+:8.000 H1+:112.000 Na1+:16.000 O2-:80.000,H5,2.0,1.0,1,1,0.21,[173.025],set()
6119,35194.cif,C4+:8.000 H1+:112.000 Na1+:16.000 O2-:80.000,H9,2.0,1.0,1,1,0.231,[155.588],set()
6120,35196.cif,H1+:4.000 Na1+:12.000 O2-:32.000 S6+:8.000,H1,2.0,1.0,1,1,0.062,[179.19],set()
6136,35265.cif,Al3+:8.000 Cl1-:32.000 Na1+:8.000 O2-:24.000 S4+:12.000,S1,2.0,4.0,3,6,0.0,[117.587],set()
6137,35265.cif,Al3+:8.000 Cl1-:32.000 Na1+:8.000 O2-:24.000 S4+:12.000,S2,2.0,4.0,3,6,0.062,[117.82],set()
6138,35265.cif,Al3+:8.000 Cl1-:32.000 Na1+:8.000 O2-:24.000 S4+:12.000,S3,2.0,4.0,3,6,0.06,[119.676],set()
6151,35767.cif,H1+:4.000 Mg2+:1.000 Na1+:2.000 O2-:8.000 S4+:2.000,H1,2.0,1.0,1,1,0.243,[175.344],set()
6205,38064.cif,H1+:4.000 Na1+:10.000 O2-:22.000 P5+:6.000,H1,2.0,1.0,1,1,0.0,[180.0],set()
6206,38064.cif,H1+:4.000 Na1+:10.000 O2-:22.000 P5+:6.000,H2,2.0,1.0,1,1,0.0,[180.0],set()
6273,39271.cif,H1+:7.000 Na1+:5.000 O2-:18.000 Se6+:4.000,H3,2.0,1.0,1,1,0.189,[160.085],set()
6316,39749.cif,H1+:48.000 Na1+:16.000 O2-:96.000 Si4+:32.000,H3,2.0,1.0,1,1,0.345,[167.607],set()
6353,39934.cif,Mg2+:2.002 Na1+:20.000 O2-:52.000 Ti4+:19.998,Na7,2.0,1.0,3,1,0.0,[180.0],set()
6385,401210.cif,B3+:6.000 Ba2+:8.000 N3-:12.000 Na1+:2.000,B1,2.0,3.0,2,3,0.0,[180.0],set()
6386,40153.cif,Ag1+:8.000 Na1+:8.000 O2-:8.000,Ag1,2.0,1.0,5,1,0.0,[178.188],set()
6387,40157.cif,Cu1+:8.000 Na1+:8.000 O2-:8.000,Cu1,2.0,1.0,4,1,0.0,[178.015],set()
6417,40276.cif,H1+:7.000 Na1+:5.000 O2-:18.000 Se6+:4.000,H1,2.0,1.0,1,1,0.0,[180.0],set()
6418,40276.cif,H1+:7.000 Na1+:5.000 O2-:18.000 Se6+:4.000,H2,2.0,1.0,1,1,0.31,[158.482],set()
6424,404092.cif,Ba2+:32.000 C2+:48.000 C4+:16.000 N3-:80.000 Na1+:16.000,C1,2.0,4.0,2,4,0.0,[180.0],set()
6425,404093.cif,Ba2+:32.000 C2+:48.000 C4+:16.000 N3-:80.000 Na1+:16.000,C1,2.0,4.0,2,4,0.0,[180.0],set()
6430,405161.cif,H1+:12.000 Na1+:16.000 O2-:44.000 P5+:12.000,H2,2.0,1.0,1,1,0.0,[180.0],set()
6435,405228.cif,C4+:8.000 H1+:20.000 K1+:8.000 Na1+:4.000 O2-:32.000,H1,2.0,1.0,1,1,0.304,[178.597],set()
6440,405229.cif,C4+:8.000 H1+:20.000 Na1+:4.000 O2-:32.000 Rb1+:8.000,H1,2.0,1.0,1,1,0.03,[179.19],set()
6450,407316.cif,As5+:2.000 H1+:8.000 Na1+:2.000 O2-:12.000 Zn2+:2.000,H2,2.0,1.0,1,1,0.231,[150.633],set()
6456,407808.cif,C4+:12.000 H1+:12.000 N3-:18.000 Na1+:6.000 O2-:6.000,C2,2.0,4.0,2,4,0.275,[173.988],set()
6459,407809.cif,C4+:12.000 Cs1+:4.000 N3-:18.000 Na1+:2.000,C1,2.0,4.0,2,4,0.283,[172.658],set()
6553,409947.cif,H1+:200.000 Na1+:8.000 O2-:248.000 W6+:48.000,H3,2.0,1.0,1,1,0.45,[164.217],set()
6554,409971.cif,Co2+:2.000 H1+:24.000 Na1+:4.000 O2-:36.000 P5+:8.000,H1,2.0,1.0,1,1,0.256,[164.302],set()
6555,409971.cif,Co2+:2.000 H1+:24.000 Na1+:4.000 O2-:36.000 P5+:8.000,H2,2.0,1.0,1,1,0.334,[175.003],set()
6566,411061.cif,Cr3+:4.000 H1+:54.000 Na1+:18.000 O2-:42.000,H19,2.0,1.0,1,1,0.275,[170.968],set()
6567,411061.cif,Cr3+:4.000 H1+:54.000 Na1+:18.000 O2-:42.000,H20,2.0,1.0,1,1,0.261,[156.911],set()
6581,411341.cif,C4+:2.000 N3-:4.000 Na1+:4.000,C1,2.0,4.0,2,4,0.0,[180.0],set()
6602,411460.cif,Au1+:2.000 Na1+:4.000 O2-:4.000 Rb1+:2.000,Au1,2.0,1.0,6,1,0.0,[180.0],set()
6603,411719.cif,H1+:5.000 Na1+:3.000 O2-:16.000 Se6+:4.000,H2,2.0,1.0,1,1,0.0,[180.0],set()
6604,411719.cif,H1+:5.000 Na1+:3.000 O2-:16.000 Se6+:4.000,H3,2.0,1.0,1,1,0.272,[172.48],set()
6608,411720.cif,H1+:5.000 Na1+:3.000 O2-:16.000 Se6+:4.000,H1,2.0,1.0,1,1,0.297,[166.144],set()
6609,411720.cif,H1+:5.000 Na1+:3.000 O2-:16.000 Se6+:4.000,H2,2.0,1.0,1,1,0.0,[180.0],set()
6610,411720.cif,H1+:5.000 Na1+:3.000 O2-:16.000 Se6+:4.000,H3,2.0,1.0,1,1,0.252,[173.025],set()
6614,411865.cif,Cu1+:4.000 H1+:8.000 Na1+:20.000 O2-:16.000,Cu1,2.0,1.0,4,1,0.023,[170.13],set()
6621,412334.cif,H1+:88.000 Na1+:12.000 O2-:48.000 P5+:4.000 S2-:12.000,H7,2.0,1.0,1,1,0.162,[161.37],set()
6622,412334.cif,H1+:88.000 Na1+:12.000 O2-:48.000 P5+:4.000 S2-:12.000,H21,2.0,1.0,1,1,0.287,[159.325],set()
6623,412334.cif,H1+:88.000 Na1+:12.000 O2-:48.000 P5+:4.000 S2-:12.000,H22,2.0,1.0,1,1,0.151,[151.294],set()
6624,412561.cif,Na1+:31.920 O2-:168.000 Te4+:40.000 U6+:24.000,Na3,2.0,1.0,3,1,0.011,[82.848],set()
6640,412973.cif,C4+:1.000 Cu1+:1.000 Na1+:5.000 O2-:5.000,Cu1,2.0,1.0,4,1,0.0,[180.0],set()
6641,412974.cif,Cu1+:1.000 Na1+:5.000 O2-:6.000 S6+:1.000,Cu1,2.0,1.0,4,1,0.0,[180.0],set()
6642,412975.cif,C4+:1.000 Co1+:1.000 Na1+:5.000 O2-:5.000,Co1,2.0,1.0,4,8,0.0,[180.0],set()
6643,412976.cif,Cu1+:5.000 Na1+:25.000 O2-:26.000 S2-:1.000 S6+:4.000,Cu1,2.0,1.0,4,1,0.002,[175.948],set()
6644,412976.cif,Cu1+:5.000 Na1+:25.000 O2-:26.000 S2-:1.000 S6+:4.000,Cu2,2.0,1.0,4,1,0.004,[178.854],set()
6645,412976.cif,Cu1+:5.000 Na1+:25.000 O2-:26.000 S2-:1.000 S6+:4.000,Cu3,2.0,1.0,4,1,0.0,[180.0],set()
6646,412977.cif,Cu1+:1.000 Na1+:5.000 O2-:2.000 S2-:1.000,Cu1,2.0,1.0,4,1,0.0,[180.0],set()
6721,415006.cif,F1-:6.000 H1+:3.000 Na1+:3.000,H1,2.0,1.0,1,1,0.0,[180.0],set()
6757,416033.cif,Ba2+:12.000 C4+:16.000 N3-:32.000 Na1+:8.000,C1,2.0,4.0,2,4,0.009,[177.569],set()
6758,416033.cif,Ba2+:12.000 C4+:16.000 N3-:32.000 Na1+:8.000,C2,2.0,4.0,2,4,0.008,[176.286],set()
6759,416033.cif,Ba2+:12.000 C4+:16.000 N3-:32.000 Na1+:8.000,C3,2.0,4.0,2,4,0.015,[175.948],set()
6760,416033.cif,Ba2+:12.000 C4+:16.000 N3-:32.000 Na1+:8.000,C4,2.0,4.0,2,4,0.0,[180.0],set()
6761,416033.cif,Ba2+:12.000 C4+:16.000 N3-:32.000 Na1+:8.000,C5,2.0,4.0,2,4,0.0,[180.0],set()
6882,418297.cif,Ag1+:4.000 Na1+:4.000 O2-:12.000 S0+:4.000 S4+:4.000,Ag1,2.0,1.0,5,1,0.037,[156.463],set()
6883,418298.cif,Ag1+:4.000 H1+:8.000 Na1+:4.000 O2-:16.000 S0+:4.000 S4+:4.000,Ag2,2.0,1.0,5,1,0.053,[65.323],set()
6907,418677.cif,Cr4+:2.000 F1-:16.000 H1+:4.000 Na1+:4.000,H1,2.0,1.0,1,1,0.387,[169.42],set()
6972,4219.cif,B3+:24.000 H1+:32.000 Na1+:8.000 O2-:56.000,H4,2.0,1.0,1,1,0.298,[180.0],set()
6993,422475.cif,Co2+:4.000 H1+:6.000 Mo6+:4.000 Na1+:2.000 O2-:20.000,H2,2.0,1.0,1,1,0.0,[180.0],set()
7151,426135.cif,Al3+:12.000 H1+:32.000 Na1+:4.000 O2-:56.000 P5+:8.000,H4,2.0,1.0,1,1,0.309,[170.401],set()
7221,427360.cif,H1+:2.000 Na1+:2.000 O2-:8.000 Se6+:2.000,H2,2.0,1.0,1,1,0.29,[156.795],set()
7222,427361.cif,H1+:28.000 Na1+:20.000 O2-:72.000 Se6+:16.000,H2,2.0,1.0,1,1,0.28,[169.082],set()
7272,4284.cif,As5+:4.000 H1+:16.000 Na1+:4.000 O2-:20.000,H1,2.0,1.0,1,1,0.228,[178.188],set()
7273,4284.cif,As5+:4.000 H1+:16.000 Na1+:4.000 O2-:20.000,H3,2.0,1.0,1,1,0.261,[173.217],set()
7401,433031.cif,F1-:12.000 H1+:8.000 Na1+:4.000,H1,2.0,1.0,1,1,0.243,[176.861],set()
7402,433031.cif,F1-:12.000 H1+:8.000 Na1+:4.000,H2,2.0,1.0,1,1,0.267,[178.188],set()
7403,433032.cif,F1-:12.000 H1+:8.000 Na1+:4.000,H1,2.0,1.0,1,1,0.132,[179.19],set()
7404,433032.cif,F1-:12.000 H1+:8.000 Na1+:4.000,H2,2.0,1.0,1,1,0.138,[173.934],set()
7451,434037.cif,C4+:12.000 N3-:24.000 Na1+:8.000 Sn4+:4.000,C1,2.0,4.0,2,4,0.285,[177.856],set()
7452,434037.cif,C4+:12.000 N3-:24.000 Na1+:8.000 Sn4+:4.000,C2,2.0,4.0,2,4,0.0,[173.988],set()
7478,44802.cif,C4+:8.000 H1+:20.000 Na1+:12.000 O2-:32.000,H1,2.0,1.0,1,1,0.0,[180.0],set()
7485,47105.cif,Cu1+:2.000 K1+:2.000 Na1+:4.000 O2-:4.000,Cu1,2.0,1.0,4,1,0.078,[180.0],set()
7489,48195.cif,H1+:20.000 Na1+:4.000 O2-:16.000 Si4+:2.000,H1,2.0,1.0,1,1,0.292,[176.376],set()
7490,48195.cif,H1+:20.000 Na1+:4.000 O2-:16.000 Si4+:2.000,H7,2.0,1.0,1,1,0.287,[173.668],set()
7492,49558.cif,D1+:144.000 Na1+:16.000 O2-:96.000 Si4+:8.000,D4,2.0,1.0,1,1,0.289,[173.314],set()
7493,49624.cif,Na1+:16.000 O2-:12.000 Sn2+:4.000,Na1,2.0,1.0,3,1,0.003,[154.555],set()
7494,49752.cif,Ag1+:8.000 Na1+:8.000 O2-:8.000,Ag1,2.0,1.0,5,1,0.0,[178.188],set()
7495,49756.cif,Cu1+:8.000 Na1+:8.000 O2-:8.000,Cu1,2.0,1.0,4,1,0.0,[177.856],set()
7501,50476.cif,Fe3+:8.000 H1+:56.000 Na1+:8.000 O2-:104.000 P5+:24.000,H4,2.0,1.0,1,1,0.25,[168.042],set()
7531,51451.cif,H1+:12.000 In3+:4.000 Na1+:4.000 O2-:34.000 P5+:8.000,H6,2.0,1.0,1,1,0.066,[164.928],set()
7555,52529.cif,H1+:2.000 Na1+:2.000 Ni2+:2.000 O2-:14.000 P5+:4.000,H1,2.0,1.0,1,1,0.004,[178.854],set()
7558,52530.cif,Co2+:2.000 H1+:2.000 Na1+:2.000 O2-:14.000 P5+:4.000,H1,2.0,1.0,1,1,0.001,[180.0],set()
7592,55249.cif,H1+:18.000 Mg2+:30.000 Na1+:18.000 O2-:144.000 Si4+:48.000,H5,2.0,1.0,1,1,0.268,[138.947],set()
7593,55249.cif,H1+:18.000 Mg2+:30.000 Na1+:18.000 O2-:144.000 Si4+:48.000,H6,2.0,1.0,1,1,0.241,[131.224],set()
7679,59949.cif,Na1+:16.000 O2-:40.000 S4+:16.000,S2,2.0,4.0,3,6,0.012,[109.968],set()
7680,59949.cif,Na1+:16.000 O2-:40.000 S4+:16.000,S4,2.0,4.0,3,6,0.006,[109.323],set()
7684,59950.cif,Na1+:4.000 O2-:10.150 S4+:4.000,S2,2.0,4.0,3,6,0.121,[108.433],set()
7692,60187.cif,Al3+:16.000 H1+:32.000 Na1+:16.000 O2-:96.000 Si4+:24.000,H1,2.0,1.0,1,1,0.149,[141.999],set()
7695,60657.cif,H1+:29.000 I7+:2.000 Na1+:5.000 O2-:24.000,H2,2.0,1.0,1,1,0.0,[180.0],set()
7696,60657.cif,H1+:29.000 I7+:2.000 Na1+:5.000 O2-:24.000,H3,2.0,1.0,1,1,0.176,[142.326],set()
7700,60765.cif,N3+:2.000 Na1+:2.000 O2-:4.000,N1,2.0,3.0,2,5,0.0,[114.236],set()
7737,61226.cif,Au1+:2.000 K1+:2.000 Na1+:4.000 O2-:4.000,Au1,2.0,1.0,6,1,0.0,[180.0],set()
7748,61514.cif,Cu1+:10.000 Na1+:2.000 S2-:6.000,Cu1,2.0,1.0,4,1,0.0,[171.34],set()
7761,62066.cif,Au1+:4.000 Na1+:12.000 O2-:8.000,Au1,2.0,1.0,6,1,0.0,[177.312],set()
7762,62066.cif,Au1+:4.000 Na1+:12.000 O2-:8.000,Na1,2.0,1.0,3,1,0.0,[159.488],set()
7783,62316.cif,Al3+:12.000 Ge4+:12.000 Na1+:12.000 O2-:48.000,Na2,2.0,1.0,3,1,0.349,[117.445],set()
7791,62358.cif,F1-:24.000 Fe3+:2.000 H1+:6.000 K1+:8.000 Na1+:4.000,H1,2.0,1.0,1,1,0.0,[151.021],set()
7803,62565.cif,Ag1+:8.000 N3+:16.000 Na1+:8.000 O2-:32.000,N3,2.0,3.0,2,5,0.0,[114.017],set()
7805,62566.cif,Ag1+:8.000 N3+:16.000 Na1+:8.000 O2-:32.000,N3,2.0,3.0,2,5,0.0,[113.091],set()
7807,62567.cif,Ag1+:8.000 N3+:16.000 Na1+:8.000 O2-:32.000,N3,2.0,3.0,2,5,0.0,[113.085],set()
7810,6265.cif,Al3+:2.000 H1+:2.000 Na1+:4.000 O2-:18.000 Si4+:6.000,H1,2.0,1.0,1,1,0.287,[170.575],set()
7822,62765.cif,D1+:64.000 Na1+:8.000 O2-:44.000 Si4+:4.000,D2,2.0,1.0,1,1,0.268,[176.199],set()
7823,62765.cif,D1+:64.000 Na1+:8.000 O2-:44.000 Si4+:4.000,D3,2.0,1.0,1,1,0.29,[170.231],set()
7824,62765.cif,D1+:64.000 Na1+:8.000 O2-:44.000 Si4+:4.000,D5,2.0,1.0,1,1,0.285,[175.415],set()
7825,62765.cif,D1+:64.000 Na1+:8.000 O2-:44.000 Si4+:4.000,D9,2.0,1.0,1,1,0.314,[164.796],set()
7844,6293.cif,C4+:4.000 H1+:8.000 Na1+:8.000 O2-:16.000,H2,2.0,1.0,1,1,0.256,[154.224],set()
7876,63218.cif,Al3+:16.000 H1+:48.000 Na1+:16.000 O2-:104.000 Si4+:24.000,Na2,2.0,1.0,3,1,0.004,[149.305],set()
7923,65.cif,H1+:24.000 Na1+:4.000 O2-:24.000 P5+:4.000,H2,2.0,1.0,1,1,0.309,[168.579],set()
7924,65.cif,H1+:24.000 Na1+:4.000 O2-:24.000 P5+:4.000,H5,2.0,1.0,1,1,0.215,[171.494],set()
7929,65011.cif,As5+:6.000 H1+:4.000 Na1+:2.000 O2-:18.000,H1,2.0,1.0,1,1,0.259,[180.0],set()
7937,65124.cif,B3+:18.000 H1+:6.000 Na1+:10.000 O2-:35.000,H4,2.0,1.0,1,1,0.0,[180.0],set()
8011,66.cif,H1+:24.000 Na1+:4.000 O2-:24.000 P5+:4.000,H1,2.0,1.0,1,1,0.241,[173.364],set()
8012,66.cif,H1+:24.000 Na1+:4.000 O2-:24.000 P5+:4.000,H2,2.0,1.0,1,1,0.235,[175.137],set()
8075,67558.cif,Cu1+:4.000 Cu2+:4.000 Na1+:4.000 O2-:8.000,Cu2,2.0,2.0,4,1,0.026,[180.0],set()
8125,68512.cif,As5+:24.000 H1+:16.000 Na1+:24.000 O2-:80.000,H2,2.0,1.0,1,1,0.3,[152.76],set()
8136,68619.cif,B3+:4.000 N3-:8.000 Na1+:12.000,B1,2.0,3.0,2,3,0.001,[179.19],set()
8137,68707.cif,N3+:2.000 Na1+:2.000 O2-:4.000,N1,2.0,3.0,2,5,0.0,[114.614],set()
8138,68711.cif,C4+:8.000 H1+:6.000 Na1+:10.000 O2-:24.000,H1,2.0,1.0,1,1,0.271,[166.312],set()
8139,68711.cif,C4+:8.000 H1+:6.000 Na1+:10.000 O2-:24.000,H2,2.0,1.0,1,1,0.0,[180.0],set()
8140,68711.cif,C4+:8.000 H1+:6.000 Na1+:10.000 O2-:24.000,H3,2.0,1.0,1,1,0.272,[171.572],set()
8141,68711.cif,C4+:8.000 H1+:6.000 Na1+:10.000 O2-:24.000,H4,2.0,1.0,1,1,0.0,[180.0],set()
8204,69406.cif,Al3+:16.000 H1+:32.000 Na1+:16.000 O2-:96.000 Si4+:24.000,H1,2.0,1.0,1,1,0.237,[163.617],set()
8233,69783.cif,As5+:4.000 F1-:4.000 Na1+:4.000 O2-:16.000 Sb3+:4.000,Na1,2.0,1.0,3,1,0.051,[56.31],set()
8313,71682.cif,Cu1+:32.000 Na1+:64.000 S2-:48.000,Cu1,2.0,1.0,4,1,0.01,[174.326],set()
8314,71682.cif,Cu1+:32.000 Na1+:64.000 S2-:48.000,Cu2,2.0,1.0,4,1,0.008,[176.286],set()
8349,7228.cif,Cu1+:12.000 Na1+:4.004 O2-:24.000 Sn4+:7.996,Cu1,2.0,1.0,4,1,0.0,[180.0],set()
8350,7228.cif,Cu1+:12.000 Na1+:4.004 O2-:24.000 Sn4+:7.996,Cu2,2.0,1.0,4,1,0.0,[153.113],set()
8351,7228.cif,Cu1+:12.000 Na1+:4.004 O2-:24.000 Sn4+:7.996,Cu3,2.0,1.0,4,1,0.0,[175.867],set()
8376,73198.cif,Ag1+:48.000 Na1+:16.000 S2-:32.000,Ag1,2.0,1.0,5,1,0.0,[158.529],set()
8377,73265.cif,Cu2+:4.000 H1+:6.000 Na1+:2.000 O2-:20.000 S6+:4.000,H1,2.0,1.0,1,1,0.136,[179.19],set()
8378,73265.cif,Cu2+:4.000 H1+:6.000 Na1+:2.000 O2-:20.000 S6+:4.000,H2,2.0,1.0,1,1,0.312,[179.19],set()
8382,73306.cif,H1+:44.000 Mo6+:6.000 Na1+:6.000 O2-:46.000 Te6+:1.000,H3,2.0,1.0,1,1,0.245,[169.705],set()
8411,73954.cif,H1+:2.000 Na1+:2.000 O2-:16.000 P5+:4.000 Zn2+:4.000,H1,2.0,1.0,1,1,0.116,[180.0],set()
8433,74408.cif,Au1+:20.000 Na1+:28.000 S2-:24.000,Au1,2.0,1.0,6,1,0.0,[180.0],set()
8434,74408.cif,Au1+:20.000 Na1+:28.000 S2-:24.000,Au2,2.0,1.0,6,1,0.008,[170.575],set()
8435,74408.cif,Au1+:20.000 Na1+:28.000 S2-:24.000,Au3,2.0,1.0,6,1,0.021,[179.19],set()
8437,74499.cif,Hg2+:8.000 Na1+:16.000 S2-:16.000,Hg1,2.0,2.0,6,2,0.004,[176.113],set()
8438,74544.cif,H1+:12.000 K1+:20.000 Na1+:4.000 O2-:48.000 P5+:12.000,H2,2.0,1.0,1,1,0.313,[152.911],set()
8467,74960.cif,Cs1+:4.000 D1+:60.000 Na1+:8.000 O2-:36.000,D10,2.0,1.0,1,1,0.285,[175.867],set()
8468,74960.cif,Cs1+:4.000 D1+:60.000 Na1+:8.000 O2-:36.000,D12,2.0,1.0,1,1,0.297,[171.89],set()
8511,75441.cif,Co2+:12.000 H1+:8.000 Na1+:4.000 O2-:48.000 P5+:12.000,H1,2.0,1.0,1,1,0.323,[169.965],set()
8512,75442.cif,As5+:12.000 Co2+:12.000 H1+:8.000 Na1+:4.000 O2-:48.000,H1,2.0,1.0,1,1,0.214,[174.384],set()
8542,77359.cif,C4+:8.000 H1+:20.000 K1+:8.000 Na1+:4.000 O2-:32.000,H1,2.0,1.0,1,1,0.339,[178.188],set()
8547,77360.cif,C4+:8.000 H1+:20.000 Na1+:4.000 O2-:32.000 Rb1+:8.000,H1,2.0,1.0,1,1,0.035,[180.0],set()
8603,78809.cif,Al3+:88.003 Na1+:92.800 O2-:384.000 Si4+:103.997,Na7,2.0,1.0,3,1,0.005,[70.135],set()
8626,79417.cif,H1+:8.000 Mn2+:12.000 Na1+:4.000 O2-:48.000 P5+:12.000,H1,2.0,1.0,1,1,0.194,[164.429],set()
8715,81226.cif,H1+:1.000 Mg2+:1.000 Na1+:3.000 O2-:8.000 P5+:2.000,H1,2.0,1.0,1,1,0.0,[180.0],set()
8716,81304.cif,H1+:4.000 Na1+:8.000 O2-:16.000 P5+:4.000,H1,2.0,1.0,1,1,0.184,[164.753],set()
8752,8219.cif,H1+:72.000 Na1+:8.000 O2-:50.000 V5+:4.000,H3,2.0,1.0,1,1,0.038,[119.894],set()
8754,8223.cif,B3+:24.000 H1+:8.000 Na1+:16.000 O2-:48.000,H1,2.0,1.0,1,1,0.294,[177.312],set()
8763,82400.cif,Al3+:4.000 H1+:54.000 Na1+:18.000 O2-:42.000,H19,2.0,1.0,1,1,0.15,[173.934],set()
8781,82498.cif,C4+:12.000 H1+:24.000 Na1+:12.000 O2-:48.000 Y3+:4.000,H4,2.0,1.0,1,1,0.167,[128.061],set()
8782,82498.cif,C4+:12.000 H1+:24.000 Na1+:12.000 O2-:48.000 Y3+:4.000,H5,2.0,1.0,1,1,0.12,[155.258],set()
8806,82857.cif,N3+:2.000 Na1+:2.000 O2-:4.000,N1,2.0,3.0,2,5,0.0,[114.671],set()
8875,84458.cif,Al3+:88.003 Na1+:88.000 O2-:384.000 Si4+:103.997,Na3,2.0,1.0,3,1,0.019,[63.768],set()
8884,84644.cif,Ga3+:4.000 H1+:8.000 Na1+:12.000 O2-:36.000 P5+:8.000,H1,2.0,1.0,1,1,0.312,[171.34],set()
8988,85741.cif,H1+:4.000 Na1+:12.000 O2-:32.000 S6+:8.000,H3,2.0,1.0,1,1,0.338,[170.265],set()
8989,85741.cif,H1+:4.000 Na1+:12.000 O2-:32.000 S6+:8.000,H4,2.0,1.0,1,1,0.267,[160.683],set()
9068,88001.cif,H1+:4.000 Na1+:4.000 O2-:16.000 Si4+:4.000 Zn2+:4.000,H1,2.0,1.0,1,1,0.248,[174.502],set()
9087,88556.cif,Al3+:91.997 Na1+:92.032 O2-:384.000 Si4+:100.003,Na3,2.0,1.0,3,1,0.01,[66.441],set()
9108,89420.cif,D1+:4.000 Na1+:12.000 O2-:32.000 S6+:8.000,D1,2.0,1.0,1,1,0.141,[176.968],set()
9142,90682.cif,H1+:20.000 Na1+:4.000 O2-:32.000 P5+:8.000,H3,2.0,1.0,1,1,0.233,[173.464],set()
9250,92577.cif,B3+:6.000 N3-:12.000 Na1+:2.000 Sr2+:8.000,B1,2.0,3.0,2,3,0.0,[180.0],set()
9327,93528.cif,Ge4+:16.000 H1+:32.000 Na1+:16.000 O2-:64.000 Zn2+:8.000,H4,2.0,1.0,1,1,0.167,[164.862],set()
9338,9381.cif,H1+:6.000 Na1+:2.000 O2-:12.000 Se4+:4.000,H1,2.0,1.0,1,1,0.175,[169.899],set()
9339,9381.cif,H1+:6.000 Na1+:2.000 O2-:12.000 Se4+:4.000,H2,2.0,1.0,1,1,0.03,[176.03],set()
9349,93915.cif,N3+:16.000 Na1+:8.000 O2-:32.000 Pd2+:4.000,N1,2.0,3.0,2,5,0.063,[120.644],set()
9350,93915.cif,N3+:16.000 Na1+:8.000 O2-:32.000 Pd2+:4.000,N2,2.0,3.0,2,5,0.064,[118.164],set()
9351,93915.cif,N3+:16.000 Na1+:8.000 O2-:32.000 Pd2+:4.000,N3,2.0,3.0,2,5,0.055,[118.712],set()
9352,93915.cif,N3+:16.000 Na1+:8.000 O2-:32.000 Pd2+:4.000,N4,2.0,3.0,2,5,0.064,[118.047],set()
9368,94401.cif,C4+:12.000 Mg2+:2.000 N3-:12.000 Na1+:8.000 S2-:12.000,C1,2.0,4.0,2,4,0.322,[178.597],set()
9396,952.cif,C4+:4.000 N3-:4.000 Na1+:4.000 S2-:4.000,C1,2.0,4.0,2,4,0.304,[179.19],set()
9399,953.cif,C4+:4.000 N3-:4.000 Na1+:4.000 S2-:4.000,C1,2.0,4.0,2,4,0.301,[179.19],set()
9400,954.cif,C4+:4.000 N3-:4.000 Na1+:4.000 S2-:4.000,C1,2.0,4.0,2,4,0.296,[179.19],set()
9460,95902.cif,C4+:1.000 Co1+:1.000 Na1+:5.000 O2-:5.000,Co1,2.0,1.0,4,8,0.0,[180.0],set()
9464,96099.cif,H1+:32.000 Na1+:32.000 O2-:112.000 P5+:32.000,H1,2.0,1.0,1,1,0.0,[165.65],set()
9465,96099.cif,H1+:32.000 Na1+:32.000 O2-:112.000 P5+:32.000,H2,2.0,1.0,1,1,0.0,[175.07],set()
9546,97911.cif,Ca2+:2.000 H1+:2.000 Na1+:2.000 O2-:8.000 Si4+:2.000,H1,2.0,1.0,1,1,0.15,[171.078],set()
9551,98368.cif,H1+:32.000 Na1+:32.000 O2-:160.000 Si4+:64.000,H1,2.0,1.0,1,1,0.001,[159.051],set()
9552,98368.cif,H1+:32.000 Na1+:32.000 O2-:160.000 Si4+:64.000,H2,2.0,1.0,1,1,0.009,[159.884],set()
9553,98368.cif,H1+:32.000 Na1+:32.000 O2-:160.000 Si4+:64.000,H3,2.0,1.0,1,1,0.004,[166.557],set()
9554,98368.cif,H1+:32.000 Na1+:32.000 O2-:160.000 Si4+:64.000,H4,2.0,1.0,1,1,0.017,[157.683],set()
9555,98368.cif,H1+:32.000 Na1+:32.000 O2-:160.000 Si4+:64.000,H5,2.0,1.0,1,1,0.004,[155.965],set()
9556,98368.cif,H1+:32.000 Na1+:32.000 O2-:160.000 Si4+:64.000,H6,2.0,1.0,1,1,0.02,[137.629],set()
9557,98368.cif,H1+:32.000 Na1+:32.000 O2-:160.000 Si4+:64.000,H7,2.0,1.0,1,1,0.01,[174.747],set()
9558,98368.cif,H1+:32.000 Na1+:32.000 O2-:160.000 Si4+:64.000,H8,2.0,1.0,1,1,0.004,[143.322],set()
9565,98461.cif,Fe3+:1.334 Mn3+:0.167 Mn4+:0.500 Na1+:1.498 O2-:4.000,Na2,2.0,1.0,3,1,0.0,[180.0],set()
9617,99357.cif,Al3+:3.802 Co2+:1.620 Na1+:0.608 O2-:72.040 Si4+:32.198,Co4,2.0,2.0,4,8,0.044,[73.966],set()
